1;JBR20200JBR10001;JBR;Jawa Timur;Jember;Ambulu;k1;Ambulu;68172;C;10000
2;JBR20200JBR10001;JBR;Jawa Timur;Jember;Ambulu;k2;Andongsari;68172;C;10000
3;JBR20200JBR10001;JBR;Jawa Timur;Jember;Ambulu;k3;Karang Anyar;68132;C;10000
4;JBR20200JBR10001;JBR;Jawa Timur;Jember;Ambulu;k4;Pontang;68172;C;10000
5;JBR20200JBR10001;JBR;Jawa Timur;Jember;Ambulu;k5;Sabrang;68172;C;10000
6;JBR20200JBR10001;JBR;Jawa Timur;Jember;Ambulu;k6;Sumberrejo;68172;C;10000
7;JBR20200JBR10001;JBR;Jawa Timur;Jember;Ambulu;k7;Tegalsari;68172;C;10000
8;JBR20200JBR10002;JBR;Jawa Timur;Jember;Arjasa;k8;Arjasa;68191;C;10000
9;JBR20200JBR10002;JBR;Jawa Timur;Jember;Arjasa;k9;Biting;68191;C;10000
10;JBR20200JBR10002;JBR;Jawa Timur;Jember;Arjasa;k10;Candijati;68191;C;10000
11;JBR20200JBR10002;JBR;Jawa Timur;Jember;Arjasa;k11;Darsono;68191;C;10000
12;JBR20200JBR10002;JBR;Jawa Timur;Jember;Arjasa;k12;Kamal;68191;C;10000
13;JBR20200JBR10002;JBR;Jawa Timur;Jember;Arjasa;k13;Kemuningllor;68191;C;10000
14;JBR20200JBR10003;JBR;Jawa Timur;Jember;Balung;k14;Balung Kidul;68161;C;10000
15;JBR20200JBR10003;JBR;Jawa Timur;Jember;Balung;k15;Balung Kulon;68161;C;10000
16;JBR20200JBR10003;JBR;Jawa Timur;Jember;Balung;k16;Balung Lor;68161;C;10000
17;JBR20200JBR10003;JBR;Jawa Timur;Jember;Balung;k17;Curahlele;68161;C;10000
18;JBR20200JBR10003;JBR;Jawa Timur;Jember;Balung;k18;Gumelar;68161;C;10000
19;JBR20200JBR10003;JBR;Jawa Timur;Jember;Balung;k19;Karang Duren;68161;C;10000
20;JBR20200JBR10003;JBR;Jawa Timur;Jember;Balung;k20;Karang Semanding;68161;C;10000
21;JBR20200JBR10003;JBR;Jawa Timur;Jember;Balung;k21;Tutul;68161;C;10000
22;JBR20200JBR10004;JBR;Jawa Timur;Jember;Bangsalsari;k22;Badean;68154;C;10000
23;JBR20200JBR10004;JBR;Jawa Timur;Jember;Bangsalsari;k23;Bangsalsari;68154;C;10000
24;JBR20200JBR10004;JBR;Jawa Timur;Jember;Bangsalsari;k24;Banjarsari;68154;C;10000
25;JBR20200JBR10004;JBR;Jawa Timur;Jember;Bangsalsari;k25;Curah Kalong;68154;C;10000
26;JBR20200JBR10004;JBR;Jawa Timur;Jember;Bangsalsari;k26;Gambirono;68154;C;10000
27;JBR20200JBR10004;JBR;Jawa Timur;Jember;Bangsalsari;k27;Karangsono;68154;C;10000
28;JBR20200JBR10004;JBR;Jawa Timur;Jember;Bangsalsari;k28;Langkap;68154;C;10000
29;JBR20200JBR10004;JBR;Jawa Timur;Jember;Bangsalsari;k29;Petung;68154;C;10000
30;JBR20200JBR10004;JBR;Jawa Timur;Jember;Bangsalsari;k30;Sukorejo;68154;C;10000
31;JBR20200JBR10004;JBR;Jawa Timur;Jember;Bangsalsari;k31;Tisnogambar;68154;C;10000
32;JBR20200JBR10004;JBR;Jawa Timur;Jember;Bangsalsari;k32;Tugusari;68154;C;10000
33;JBR20200JBR10005;JBR;Jawa Timur;Jember;Gumuk Mas;k33;Bagorejo;68165;C;10000
34;JBR20200JBR10005;JBR;Jawa Timur;Jember;Gumuk Mas;k34;Gumukmas;68165;C;10000
35;JBR20200JBR10005;JBR;Jawa Timur;Jember;Gumuk Mas;k35;Karang Rejo;68165;C;10000
36;JBR20200JBR10005;JBR;Jawa Timur;Jember;Gumuk Mas;k36;Kepanjen;68165;C;10000
37;JBR20200JBR10005;JBR;Jawa Timur;Jember;Gumuk Mas;k37;Mayangan;68165;C;10000
38;JBR20200JBR10005;JBR;Jawa Timur;Jember;Gumuk Mas;k38;Menampu;68165;C;10000
39;JBR20200JBR10005;JBR;Jawa Timur;Jember;Gumuk Mas;k39;Purwoasri;68165;C;10000
40;JBR20200JBR10005;JBR;Jawa Timur;Jember;Gumuk Mas;k40;Tembokrejo;68165;C;10000
41;JBR20200JBR10006;JBR;Jawa Timur;Jember;Jelbuk;k41;Jelbuk;68192;C;10000
42;JBR20200JBR10006;JBR;Jawa Timur;Jember;Jelbuk;k42;Panduman;68192;C;10000
43;JBR20200JBR10006;JBR;Jawa Timur;Jember;Jelbuk;k43;Suco Pangepok;68192;C;10000
44;JBR20200JBR10006;JBR;Jawa Timur;Jember;Jelbuk;k44;Suger Kidul;68192;C;10000
45;JBR20200JBR10006;JBR;Jawa Timur;Jember;Jelbuk;k45;Suko Jember;68192;C;10000
46;JBR20200JBR10006;JBR;Jawa Timur;Jember;Jelbuk;k46;Sukowiryo;68192;C;10000
47;JBR20200JBR10007;JBR;Jawa Timur;Jember;Jenggawah;k47;Cangkring;68171;C;10000
48;JBR20200JBR10007;JBR;Jawa Timur;Jember;Jenggawah;k48;Jatimulyo;68171;C;10000
49;JBR20200JBR10007;JBR;Jawa Timur;Jember;Jenggawah;k49;Jatisari;68171;C;10000
50;JBR20200JBR10007;JBR;Jawa Timur;Jember;Jenggawah;k50;Jenggawah;68171;C;10000
51;JBR20200JBR10007;JBR;Jawa Timur;Jember;Jenggawah;k51;Kemuning Sari Kidul;68171;C;10000
52;JBR20200JBR10007;JBR;Jawa Timur;Jember;Jenggawah;k52;Kertonegoro;68171;C;10000
53;JBR20200JBR10007;JBR;Jawa Timur;Jember;Jenggawah;k53;Seruni;68171;C;10000
54;JBR20200JBR10007;JBR;Jawa Timur;Jember;Jenggawah;k54;Wonojati;68171;C;10000
55;JBR20200JBR10008;JBR;Jawa Timur;Jember;Kalisat;k55;Ajung;68193;C;10000
56;JBR20200JBR10008;JBR;Jawa Timur;Jember;Kalisat;k56;Gambiran;68193;C;10000
57;JBR20200JBR10008;JBR;Jawa Timur;Jember;Kalisat;k57;Glagahwero;68193;C;10000
58;JBR20200JBR10008;JBR;Jawa Timur;Jember;Kalisat;k58;Gumuksari;68193;C;10000
59;JBR20200JBR10008;JBR;Jawa Timur;Jember;Kalisat;k59;Kalisat;68193;C;10000
60;JBR20200JBR10008;JBR;Jawa Timur;Jember;Kalisat;k60;Patempuran;68193;C;10000
61;JBR20200JBR10008;JBR;Jawa Timur;Jember;Kalisat;k61;Plalangan;68113;C;10000
62;JBR20200JBR10008;JBR;Jawa Timur;Jember;Kalisat;k62;Sebanen;68193;C;10000
63;JBR20200JBR10008;JBR;Jawa Timur;Jember;Kalisat;k63;Sukoreno;68193;C;10000
64;JBR20200JBR10008;JBR;Jawa Timur;Jember;Kalisat;k64;Sumber Jeruk;68193;C;10000
65;JBR20200JBR10008;JBR;Jawa Timur;Jember;Kalisat;k65;Sumber Kalong;68193;C;10000
66;JBR20200JBR10008;JBR;Jawa Timur;Jember;Kalisat;k66;Sumber Ketempah;68193;C;10000
67;JBR20200JBR10009;JBR;Jawa Timur;Jember;Kencong;k67;Cakru;68167;C;10000
68;JBR20200JBR10009;JBR;Jawa Timur;Jember;Kencong;k68;Kencong;68167;C;10000
69;JBR20200JBR10009;JBR;Jawa Timur;Jember;Kencong;k69;Kraton;68167;C;10000
70;JBR20200JBR10009;JBR;Jawa Timur;Jember;Kencong;k70;Paseban;68167;C;10000
71;JBR20200JBR10009;JBR;Jawa Timur;Jember;Kencong;k71;Wonorejo;68167;C;10000
72;JBR20200JBR10010;JBR;Jawa Timur;Jember;Ledokombo;k72;Karang Paiton;68196;C;10000
73;JBR20200JBR10010;JBR;Jawa Timur;Jember;Ledokombo;k73;Ledokombo;68196;C;10000
74;JBR20200JBR10010;JBR;Jawa Timur;Jember;Ledokombo;k74;Lembengan;68196;C;10000
75;JBR20200JBR10010;JBR;Jawa Timur;Jember;Ledokombo;k75;Slateng;68196;C;10000
76;JBR20200JBR10010;JBR;Jawa Timur;Jember;Ledokombo;k76;Sukogidri;68196;C;10000
77;JBR20200JBR10010;JBR;Jawa Timur;Jember;Ledokombo;k77;Sumber Anget;68196;C;10000
78;JBR20200JBR10010;JBR;Jawa Timur;Jember;Ledokombo;k78;Sumber Bulus;68196;C;10000
79;JBR20200JBR10010;JBR;Jawa Timur;Jember;Ledokombo;k79;Sumber Lesung;68196;C;10000
80;JBR20200JBR10010;JBR;Jawa Timur;Jember;Ledokombo;k80;Sumber Salak;68196;C;10000
81;JBR20200JBR10010;JBR;Jawa Timur;Jember;Ledokombo;k81;Suren;68196;C;10000
82;JBR20200JBR10011;JBR;Jawa Timur;Jember;Mayang;k82;Mayang;68182;C;10000
83;JBR20200JBR10011;JBR;Jawa Timur;Jember;Mayang;k83;Mrawan;68182;C;10000
84;JBR20200JBR10011;JBR;Jawa Timur;Jember;Mayang;k84;Seputih;68182;C;10000
85;JBR20200JBR10011;JBR;Jawa Timur;Jember;Mayang;k85;Sidomukti;68182;C;10000
86;JBR20200JBR10011;JBR;Jawa Timur;Jember;Mayang;k86;Sumber Kejayan;68182;C;10000
87;JBR20200JBR10011;JBR;Jawa Timur;Jember;Mayang;k87;Tegal Waru;68182;C;10000
88;JBR20200JBR10011;JBR;Jawa Timur;Jember;Mayang;k88;Tegalrejo;68118;C;10000
89;JBR20200JBR10012;JBR;Jawa Timur;Jember;Mumbulsari;k89;Karangkedawung;68174;C;10000
90;JBR20200JBR10012;JBR;Jawa Timur;Jember;Mumbulsari;k90;Kawangrejo;68174;C;10000
91;JBR20200JBR10012;JBR;Jawa Timur;Jember;Mumbulsari;k91;Lampeji;68174;C;10000
92;JBR20200JBR10012;JBR;Jawa Timur;Jember;Mumbulsari;k92;Lengkong;68174;C;10000
93;JBR20200JBR10012;JBR;Jawa Timur;Jember;Mumbulsari;k93;Mumbulsari;68174;C;10000
94;JBR20200JBR10012;JBR;Jawa Timur;Jember;Mumbulsari;k94;Suco;68174;C;10000
95;JBR20200JBR10012;JBR;Jawa Timur;Jember;Mumbulsari;k95;Tamansari;68174;C;10000
96;JBR20200JBR10013;JBR;Jawa Timur;Jember;Pakusari;k96;Bedadung;68181;C;10000
97;JBR20200JBR10013;JBR;Jawa Timur;Jember;Pakusari;k97;Jatian;68181;C;10000
98;JBR20200JBR10013;JBR;Jawa Timur;Jember;Pakusari;k98;Kertosari;68181;C;10000
99;JBR20200JBR10013;JBR;Jawa Timur;Jember;Pakusari;k99;Pakusari;68181;C;10000
100;JBR20200JBR10013;JBR;Jawa Timur;Jember;Pakusari;k100;Patemon;68181;C;10000
101;JBR20200JBR10013;JBR;Jawa Timur;Jember;Pakusari;k101;Subo;68181;C;10000
102;JBR20200JBR10013;JBR;Jawa Timur;Jember;Pakusari;k102;Sumber Pinang;68181;C;10000
103;JBR20200JBR10014;JBR;Jawa Timur;Jember;Panti;k103;Glagahwero;68153;C;10000
104;JBR20200JBR10014;JBR;Jawa Timur;Jember;Panti;k104;Kemiri;68153;C;10000
105;JBR20200JBR10014;JBR;Jawa Timur;Jember;Panti;k105;Kemuningsari Lor;68153;C;10000
106;JBR20200JBR10014;JBR;Jawa Timur;Jember;Panti;k106;Pakis;68153;C;10000
107;JBR20200JBR10014;JBR;Jawa Timur;Jember;Panti;k107;Panti;68153;C;10000
108;JBR20200JBR10014;JBR;Jawa Timur;Jember;Panti;k108;Serut;68153;C;10000
109;JBR20200JBR10014;JBR;Jawa Timur;Jember;Panti;k109;Suci;68153;C;10000
110;JBR20200JBR10015;JBR;Jawa Timur;Jember;Puger;k110;Bagon;68164;C;10000
111;JBR20200JBR10015;JBR;Jawa Timur;Jember;Puger;k111;Grenden;68164;C;10000
112;JBR20200JBR10015;JBR;Jawa Timur;Jember;Puger;k112;Jambearum;68164;C;10000
113;JBR20200JBR10015;JBR;Jawa Timur;Jember;Puger;k113;Kasiyan;68164;C;10000
114;JBR20200JBR10015;JBR;Jawa Timur;Jember;Puger;k114;Kasiyan Timur;68164;C;10000
115;JBR20200JBR10015;JBR;Jawa Timur;Jember;Puger;k115;Mlokorejo;68164;C;10000
116;JBR20200JBR10015;JBR;Jawa Timur;Jember;Puger;k116;Mojomulyo;68164;C;10000
117;JBR20200JBR10015;JBR;Jawa Timur;Jember;Puger;k117;Mojosari;68164;C;10000
118;JBR20200JBR10015;JBR;Jawa Timur;Jember;Puger;k118;Puger Kulon;68164;C;10000
119;JBR20200JBR10015;JBR;Jawa Timur;Jember;Puger;k119;Puger Wetan;68164;C;10000
120;JBR20200JBR10015;JBR;Jawa Timur;Jember;Puger;k120;Wonosari;68164;C;10000
121;JBR20200JBR10015;JBR;Jawa Timur;Jember;Puger;k121;Wringin Telu;68164;C;10000
122;JBR20200JBR10016;JBR;Jawa Timur;Jember;Rambipuji;k122;Curahmalang;68152;C;10000
123;JBR20200JBR10016;JBR;Jawa Timur;Jember;Rambipuji;k123;Gugut;68152;C;10000
124;JBR20200JBR10016;JBR;Jawa Timur;Jember;Rambipuji;k124;Kaliwining;68152;C;10000
125;JBR20200JBR10016;JBR;Jawa Timur;Jember;Rambipuji;k125;Nogosari;68152;C;10000
126;JBR20200JBR10016;JBR;Jawa Timur;Jember;Rambipuji;k126;Pecoro;68152;C;10000
127;JBR20200JBR10016;JBR;Jawa Timur;Jember;Rambipuji;k127;Rambigundam;68152;C;10000
128;JBR20200JBR10016;JBR;Jawa Timur;Jember;Rambipuji;k128;Rambipuji;68152;C;10000
129;JBR20200JBR10016;JBR;Jawa Timur;Jember;Rambipuji;k129;Rowotamtu;68152;C;10000
130;JBR20200JBR10017;JBR;Jawa Timur;Jember;Silo;k130;Garahan;68184;C;10000
131;JBR20200JBR10017;JBR;Jawa Timur;Jember;Silo;k131;Harjomolyo;68184;C;10000
132;JBR20200JBR10017;JBR;Jawa Timur;Jember;Silo;k132;Karangharjo;68184;C;10000
133;JBR20200JBR10017;JBR;Jawa Timur;Jember;Silo;k133;Mulyorejo;68184;C;10000
134;JBR20200JBR10017;JBR;Jawa Timur;Jember;Silo;k134;Pace;68184;C;10000
135;JBR20200JBR10017;JBR;Jawa Timur;Jember;Silo;k135;Sempolan;68184;C;10000
136;JBR20200JBR10017;JBR;Jawa Timur;Jember;Silo;k136;Sidomulyo;68184;C;10000
137;JBR20200JBR10017;JBR;Jawa Timur;Jember;Silo;k137;Silo;68184;C;10000
138;JBR20200JBR10017;JBR;Jawa Timur;Jember;Silo;k138;Sumberjati;68184;C;10000
139;JBR20200JBR10018;JBR;Jawa Timur;Jember;Sukorambi;k139;Dukuh Mencek;68151;C;10000
140;JBR20200JBR10018;JBR;Jawa Timur;Jember;Sukorambi;k140;Jubung;68151;C;10000
141;JBR20200JBR10018;JBR;Jawa Timur;Jember;Sukorambi;k141;Karangpring;68151;C;10000
142;JBR20200JBR10018;JBR;Jawa Timur;Jember;Sukorambi;k142;Kelungkung;68151;C;10000
143;JBR20200JBR10018;JBR;Jawa Timur;Jember;Sukorambi;k143;Sukorambi;68151;C;10000
144;JBR20200JBR10019;JBR;Jawa Timur;Jember;Sukowono;k144;Arjasa;68194;C;10000
145;JBR20200JBR10019;JBR;Jawa Timur;Jember;Sukowono;k145;Balet Baru;68194;C;10000
146;JBR20200JBR10019;JBR;Jawa Timur;Jember;Sukowono;k146;Dawuhan Mangli;68194;C;10000
147;JBR20200JBR10019;JBR;Jawa Timur;Jember;Sukowono;k147;Mojogeni;68194;C;10000
148;JBR20200JBR10019;JBR;Jawa Timur;Jember;Sukowono;k148;Pocangan;68194;C;10000
149;JBR20200JBR10019;JBR;Jawa Timur;Jember;Sukowono;k149;Sukokerto;68194;C;10000
150;JBR20200JBR10019;JBR;Jawa Timur;Jember;Sukowono;k150;Sukorejo;68194;C;10000
151;JBR20200JBR10019;JBR;Jawa Timur;Jember;Sukowono;k151;Sukosari;68194;C;10000
152;JBR20200JBR10019;JBR;Jawa Timur;Jember;Sukowono;k152;Sukowono;68194;C;10000
153;JBR20200JBR10019;JBR;Jawa Timur;Jember;Sukowono;k153;Sumber Wringin;68194;C;10000
154;JBR20200JBR10019;JBR;Jawa Timur;Jember;Sukowono;k154;Sumberdanti;68194;C;10000
155;JBR20200JBR10019;JBR;Jawa Timur;Jember;Sukowono;k155;Sumberwaru;68194;C;10000
156;JBR20200JBR10020;JBR;Jawa Timur;Jember;Sumber Baru;k156;Gelang;68156;C;10000
157;JBR20200JBR10020;JBR;Jawa Timur;Jember;Sumber Baru;k157;Jambesari;68156;C;10000
158;JBR20200JBR10020;JBR;Jawa Timur;Jember;Sumber Baru;k158;Jamintoro;68156;C;10000
159;JBR20200JBR10020;JBR;Jawa Timur;Jember;Sumber Baru;k159;Jatiroto;68156;C;10000
160;JBR20200JBR10020;JBR;Jawa Timur;Jember;Sumber Baru;k160;Kaliglagah;68156;C;10000
161;JBR20200JBR10020;JBR;Jawa Timur;Jember;Sumber Baru;k161;Karang Bayat;68156;C;10000
162;JBR20200JBR10020;JBR;Jawa Timur;Jember;Sumber Baru;k162;Pringgowirawan;68156;C;10000
163;JBR20200JBR10020;JBR;Jawa Timur;Jember;Sumber Baru;k163;Rowo Tengah;68156;C;10000
164;JBR20200JBR10020;JBR;Jawa Timur;Jember;Sumber Baru;k164;Sumber Agung;68156;C;10000
165;JBR20200JBR10020;JBR;Jawa Timur;Jember;Sumber Baru;k165;Yosorati;68156;C;10000
166;JBR20200JBR10021;JBR;Jawa Timur;Jember;Sumber Jambe;k166;Cumedak;68195;C;10000
167;JBR20200JBR10021;JBR;Jawa Timur;Jember;Sumber Jambe;k167;Gunung Malang;68195;C;10000
168;JBR20200JBR10021;JBR;Jawa Timur;Jember;Sumber Jambe;k168;Jambe Arum;68195;C;10000
169;JBR20200JBR10021;JBR;Jawa Timur;Jember;Sumber Jambe;k169;Plereyan;68195;C;10000
170;JBR20200JBR10021;JBR;Jawa Timur;Jember;Sumber Jambe;k170;Pringgondani;68195;C;10000
171;JBR20200JBR10021;JBR;Jawa Timur;Jember;Sumber Jambe;k171;Randu Agung;68195;C;10000
172;JBR20200JBR10021;JBR;Jawa Timur;Jember;Sumber Jambe;k172;Rowosari;68195;C;10000
173;JBR20200JBR10021;JBR;Jawa Timur;Jember;Sumber Jambe;k173;Sumber Pakem;68195;C;10000
174;JBR20200JBR10021;JBR;Jawa Timur;Jember;Sumber Jambe;k174;Sumberjambe;68195;C;10000
175;JBR20200JBR10022;JBR;Jawa Timur;Jember;Tanggul;k175;Darungan;68155;C;10000
176;JBR20200JBR10022;JBR;Jawa Timur;Jember;Tanggul;k176;Klatakan;68155;C;10000
177;JBR20200JBR10022;JBR;Jawa Timur;Jember;Tanggul;k177;Kramat Sukoharjo;68155;C;10000
178;JBR20200JBR10022;JBR;Jawa Timur;Jember;Tanggul;k178;Manggisan;68155;C;10000
179;JBR20200JBR10022;JBR;Jawa Timur;Jember;Tanggul;k179;Patemon;68155;C;10000
180;JBR20200JBR10022;JBR;Jawa Timur;Jember;Tanggul;k180;Selodakon;68155;C;10000
181;JBR20200JBR10022;JBR;Jawa Timur;Jember;Tanggul;k181;Tanggul Kulon;68155;C;10000
182;JBR20200JBR10022;JBR;Jawa Timur;Jember;Tanggul;k182;Tanggul Wetan;68155;C;10000
183;JBR20200JBR10023;JBR;Jawa Timur;Jember;Tempurejo;k183;Andongrejo;68173;C;10000
184;JBR20200JBR10023;JBR;Jawa Timur;Jember;Tempurejo;k184;Curahnongko;68173;C;10000
185;JBR20200JBR10023;JBR;Jawa Timur;Jember;Tempurejo;k185;Curahtakir;68173;C;10000
186;JBR20200JBR10023;JBR;Jawa Timur;Jember;Tempurejo;k186;Pondokrejo;68173;C;10000
187;JBR20200JBR10023;JBR;Jawa Timur;Jember;Tempurejo;k187;Sanenrejo;68173;C;10000
188;JBR20200JBR10023;JBR;Jawa Timur;Jember;Tempurejo;k188;Sidodadi;68173;C;10000
189;JBR20200JBR10023;JBR;Jawa Timur;Jember;Tempurejo;k189;Tempurejo;68173;C;10000
190;JBR20200JBR10023;JBR;Jawa Timur;Jember;Tempurejo;k190;Wonoasri;68173;C;10000
191;JBR20200JBR10024;JBR;Jawa Timur;Jember;Umbulsari;k191;Gadingrejo;68166;C;10000
192;JBR20200JBR10024;JBR;Jawa Timur;Jember;Umbulsari;k192;Gunungsari;68166;C;10000
193;JBR20200JBR10024;JBR;Jawa Timur;Jember;Umbulsari;k193;Mundurejo;68166;C;10000
194;JBR20200JBR10024;JBR;Jawa Timur;Jember;Umbulsari;k194;Paleran;68166;C;10000
195;JBR20200JBR10024;JBR;Jawa Timur;Jember;Umbulsari;k195;Sidorejo;68166;C;10000
196;JBR20200JBR10024;JBR;Jawa Timur;Jember;Umbulsari;k196;Sukoreno;68166;C;10000
197;JBR20200JBR10024;JBR;Jawa Timur;Jember;Umbulsari;k197;Tanjungsari;68166;C;10000
198;JBR20200JBR10024;JBR;Jawa Timur;Jember;Umbulsari;k198;Tegal Wangi;68166;C;10000
199;JBR20200JBR10024;JBR;Jawa Timur;Jember;Umbulsari;k199;Umbulrejo;68166;C;10000
200;JBR20200JBR10024;JBR;Jawa Timur;Jember;Umbulsari;k200;Umbulsari;68166;C;10000
201;JBR20200JBR10025;JBR;Jawa Timur;Jember;Wuluhan;k201;Ampel;68162;C;10000
202;JBR20200JBR10025;JBR;Jawa Timur;Jember;Wuluhan;k202;Dukuh Dempok;68162;C;10000
203;JBR20200JBR10025;JBR;Jawa Timur;Jember;Wuluhan;k203;Glundengan;68162;C;10000
204;JBR20200JBR10025;JBR;Jawa Timur;Jember;Wuluhan;k204;Kesilir;68162;C;10000
205;JBR20200JBR10025;JBR;Jawa Timur;Jember;Wuluhan;k205;Lojejer;68162;C;10000
206;JBR20200JBR10025;JBR;Jawa Timur;Jember;Wuluhan;k206;Tamansari;68162;C;10000
207;JBR20200JBR10025;JBR;Jawa Timur;Jember;Wuluhan;k207;Tanjung Rejo;68162;C;10000
208;JBR20200JBR10026;JBR;Jawa Timur;Jember;Ajung;k208;Ajung;68175;C;10000
209;JBR20200JBR10026;JBR;Jawa Timur;Jember;Ajung;k209;Klompangan;68175;C;10000
210;JBR20200JBR10026;JBR;Jawa Timur;Jember;Ajung;k210;Mangaran;68175;C;10000
211;JBR20200JBR10026;JBR;Jawa Timur;Jember;Ajung;k211;Pancakarya;68175;C;10000
212;JBR20200JBR10026;JBR;Jawa Timur;Jember;Ajung;k212;Rowo Indah;68175;C;10000
213;JBR20200JBR10026;JBR;Jawa Timur;Jember;Ajung;k213;Sukamakmur;68175;C;10000
214;JBR20200JBR10026;JBR;Jawa Timur;Jember;Ajung;k214;Wirowongso;68175;C;10000
215;JBR20200JBR10027;JBR;Jawa Timur;Jember;Jombang;k215;Jombang;68168;C;10000
216;JBR20200JBR10027;JBR;Jawa Timur;Jember;Jombang;k216;Keting;68168;C;10000
217;JBR20200JBR10027;JBR;Jawa Timur;Jember;Jombang;k217;Ngampelrejo;68168;C;10000
218;JBR20200JBR10027;JBR;Jawa Timur;Jember;Jombang;k218;Padomasan;68168;C;10000
219;JBR20200JBR10027;JBR;Jawa Timur;Jember;Jombang;k219;Sarimulyo;68168;C;10000
220;JBR20200JBR10027;JBR;Jawa Timur;Jember;Jombang;k220;Wringin Agung;68168;C;10000
221;JBR20200JBR10028;JBR;Jawa Timur;Jember;Kaliwates;k221;Jember Kidul;68131;A;8000
222;JBR20200JBR10028;JBR;Jawa Timur;Jember;Kaliwates;k222;Kaliwates;68133;A;8000
223;JBR20200JBR10028;JBR;Jawa Timur;Jember;Kaliwates;k223;Kebon Agung;68137;A;8000
224;JBR20200JBR10028;JBR;Jawa Timur;Jember;Kaliwates;k224;Kepatihan;68137;A;8000
225;JBR20200JBR10028;JBR;Jawa Timur;Jember;Kaliwates;k225;Mangli;68136;A;8000
226;JBR20200JBR10028;JBR;Jawa Timur;Jember;Kaliwates;k226;Sempusari;68135;A;8000
227;JBR20200JBR10028;JBR;Jawa Timur;Jember;Kaliwates;k227;Tegal Besar;68132;A;8000
228;JBR20200JBR10029;JBR;Jawa Timur;Jember;Patrang;k228;Banjar Sengon;68118;A;8000
229;JBR20200JBR10029;JBR;Jawa Timur;Jember;Patrang;k229;Baratan;68112;A;8000
230;JBR20200JBR10029;JBR;Jawa Timur;Jember;Patrang;k230;Bintoro;68113;A;8000
231;JBR20200JBR10029;JBR;Jawa Timur;Jember;Patrang;k231;Gebang;68117;A;8000
232;JBR20200JBR10029;JBR;Jawa Timur;Jember;Patrang;k232;Jember Lor;68118;A;8000
233;JBR20200JBR10029;JBR;Jawa Timur;Jember;Patrang;k233;Jumerto;68114;A;8000
234;JBR20200JBR10029;JBR;Jawa Timur;Jember;Patrang;k234;Patrang;68111;A;8000
235;JBR20200JBR10029;JBR;Jawa Timur;Jember;Patrang;k235;Slawu;68116;A;8000
236;JBR20200JBR10030;JBR;Jawa Timur;Jember;Semboro;k236;Pondok Dalem;68157;C;10000
237;JBR20200JBR10030;JBR;Jawa Timur;Jember;Semboro;k237;Pondok Joyo;68157;C;10000
238;JBR20200JBR10030;JBR;Jawa Timur;Jember;Semboro;k238;Rejo Agung;68157;C;10000
239;JBR20200JBR10030;JBR;Jawa Timur;Jember;Semboro;k239;Semboro;68157;C;10000
240;JBR20200JBR10030;JBR;Jawa Timur;Jember;Semboro;k240;Sidomekar;68157;C;10000
241;JBR20200JBR10030;JBR;Jawa Timur;Jember;Semboro;k241;Sidomulyo;68157;C;10000
242;JBR20200JBR10031;JBR;Jawa Timur;Jember;Sumber Sari;k242;Antirogo;68125;A;8000
243;JBR20200JBR10031;JBR;Jawa Timur;Jember;Sumber Sari;k243;Karangrejo;68124;A;8000
244;JBR20200JBR10031;JBR;Jawa Timur;Jember;Sumber Sari;k244;Kebonsari;68122;A;8000
245;JBR20200JBR10031;JBR;Jawa Timur;Jember;Sumber Sari;k245;Keranjingan;68126;A;8000
246;JBR20200JBR10031;JBR;Jawa Timur;Jember;Sumber Sari;k246;Sumbersari;68121;A;8000
247;JBR20200JBR10031;JBR;Jawa Timur;Jember;Sumber Sari;k247;Tegal Gede;68124;A;8000
248;JBR20200JBR10031;JBR;Jawa Timur;Jember;Sumber Sari;k248;Wirolegi;68124;A;8000
249;JBR20200JBR20100;JBR;Jawa Timur;Banyuwangi;Banyuwangi;k249;Kampung Mandar;68419;B;8000
250;JBR20200JBR20100;JBR;Jawa Timur;Banyuwangi;Banyuwangi;k250;Kampung Melayu;68412;B;8000
251;JBR20200JBR20100;JBR;Jawa Timur;Banyuwangi;Banyuwangi;k251;Karangrejo;68411;B;8000
252;JBR20200JBR20100;JBR;Jawa Timur;Banyuwangi;Banyuwangi;k252;Kebalenan;68417;B;8000
253;JBR20200JBR20100;JBR;Jawa Timur;Banyuwangi;Banyuwangi;k253;Kepatihan;68411;B;8000
254;JBR20200JBR20100;JBR;Jawa Timur;Banyuwangi;Banyuwangi;k254;Kertosari;68418;B;8000
255;JBR20200JBR20100;JBR;Jawa Timur;Banyuwangi;Banyuwangi;k255;Lateng;68413;B;8000
256;JBR20200JBR20100;JBR;Jawa Timur;Banyuwangi;Banyuwangi;k256;Pakis;68419;B;8000
257;JBR20200JBR20100;JBR;Jawa Timur;Banyuwangi;Banyuwangi;k257;Panderejo;68415;B;8000
258;JBR20200JBR20100;JBR;Jawa Timur;Banyuwangi;Banyuwangi;k258;Penganjuran;68416;B;8000
259;JBR20200JBR20100;JBR;Jawa Timur;Banyuwangi;Banyuwangi;k259;Pengantigan;68414;B;8000
260;JBR20200JBR20100;JBR;Jawa Timur;Banyuwangi;Banyuwangi;k260;Singonegaran;68415;B;8000
261;JBR20200JBR20100;JBR;Jawa Timur;Banyuwangi;Banyuwangi;k261;Singotrunan;68414;B;8000
262;JBR20200JBR20100;JBR;Jawa Timur;Banyuwangi;Banyuwangi;k262;Sobo;68418;B;8000
263;JBR20200JBR20100;JBR;Jawa Timur;Banyuwangi;Banyuwangi;k263;Sumberrejo;68419;B;8000
264;JBR20200JBR20100;JBR;Jawa Timur;Banyuwangi;Banyuwangi;k264;Tamanbaru;68416;B;8000
265;JBR20200JBR20100;JBR;Jawa Timur;Banyuwangi;Banyuwangi;k265;Temenggungan;68412;B;8000
266;JBR20200JBR20100;JBR;Jawa Timur;Banyuwangi;Banyuwangi;k266;Tukangkayu;68416;B;8000
267;JBR20200JBR20101;JBR;Jawa Timur;Banyuwangi;Bangorejo;k267;Bangorejo;68487;C;10000
268;JBR20200JBR20101;JBR;Jawa Timur;Banyuwangi;Bangorejo;k268;Kebondalem;68487;C;10000
269;JBR20200JBR20101;JBR;Jawa Timur;Banyuwangi;Bangorejo;k269;Ringintelu;68487;C;10000
270;JBR20200JBR20101;JBR;Jawa Timur;Banyuwangi;Bangorejo;k270;Sambimulyo;68487;C;10000
271;JBR20200JBR20101;JBR;Jawa Timur;Banyuwangi;Bangorejo;k271;Sambirejo;68487;C;10000
272;JBR20200JBR20101;JBR;Jawa Timur;Banyuwangi;Bangorejo;k272;Sukorejo;68487;C;10000
273;JBR20200JBR20101;JBR;Jawa Timur;Banyuwangi;Bangorejo;k273;Temurejo;68487;C;10000
274;JBR20200JBR20102;JBR;Jawa Timur;Banyuwangi;Cluring;k274;Benculuk;68482;C;10000
275;JBR20200JBR20102;JBR;Jawa Timur;Banyuwangi;Cluring;k275;Cluring;68482;C;10000
276;JBR20200JBR20102;JBR;Jawa Timur;Banyuwangi;Cluring;k276;Kaliploso;68482;C;10000
277;JBR20200JBR20102;JBR;Jawa Timur;Banyuwangi;Cluring;k277;Plampangrejo;68482;C;10000
278;JBR20200JBR20102;JBR;Jawa Timur;Banyuwangi;Cluring;k278;Sarimulyo;68482;C;10000
279;JBR20200JBR20102;JBR;Jawa Timur;Banyuwangi;Cluring;k279;Sembulung;68482;C;10000
280;JBR20200JBR20102;JBR;Jawa Timur;Banyuwangi;Cluring;k280;Sraten;68482;C;10000
281;JBR20200JBR20102;JBR;Jawa Timur;Banyuwangi;Cluring;k281;Tamanagung;68482;C;10000
282;JBR20200JBR20102;JBR;Jawa Timur;Banyuwangi;Cluring;k282;Tampo;68482;C;10000
283;JBR20200JBR20103;JBR;Jawa Timur;Banyuwangi;Gambiran;k283;Gambiran;68486;C;10000
284;JBR20200JBR20103;JBR;Jawa Timur;Banyuwangi;Gambiran;k284;Jajag;68486;C;10000
285;JBR20200JBR20103;JBR;Jawa Timur;Banyuwangi;Gambiran;k285;Purwodadi;68486;C;10000
286;JBR20200JBR20103;JBR;Jawa Timur;Banyuwangi;Gambiran;k286;Wringin Agung;68486;C;10000
287;JBR20200JBR20103;JBR;Jawa Timur;Banyuwangi;Gambiran;k287;Wringinrejo;68486;C;10000
288;JBR20200JBR20103;JBR;Jawa Timur;Banyuwangi;Gambiran;k288;Yosomulyo;68486;C;10000
289;JBR20200JBR20104;JBR;Jawa Timur;Banyuwangi;Genteng;k289;Genteng Kulon;68465;B;8000
290;JBR20200JBR20104;JBR;Jawa Timur;Banyuwangi;Genteng;k290;Genteng Wetan;68465;B;8000
291;JBR20200JBR20104;JBR;Jawa Timur;Banyuwangi;Genteng;k291;Kaligondo;68465;B;8000
292;JBR20200JBR20104;JBR;Jawa Timur;Banyuwangi;Genteng;k292;Kembiritan;68465;B;8000
293;JBR20200JBR20104;JBR;Jawa Timur;Banyuwangi;Genteng;k293;Setail;68465;B;8000
294;JBR20200JBR20105;JBR;Jawa Timur;Banyuwangi;Glenmore;k294;Bumiharjo;68466;C;10000
295;JBR20200JBR20105;JBR;Jawa Timur;Banyuwangi;Glenmore;k295;Karangharjo;68466;C;10000
296;JBR20200JBR20105;JBR;Jawa Timur;Banyuwangi;Glenmore;k296;Margomulyo;68466;C;10000
297;JBR20200JBR20105;JBR;Jawa Timur;Banyuwangi;Glenmore;k297;Sepanjang;68466;C;10000
298;JBR20200JBR20105;JBR;Jawa Timur;Banyuwangi;Glenmore;k298;Sumbergondo;68466;C;10000
299;JBR20200JBR20105;JBR;Jawa Timur;Banyuwangi;Glenmore;k299;Tegalharjo;68466;C;10000
300;JBR20200JBR20105;JBR;Jawa Timur;Banyuwangi;Glenmore;k300;Tulungrejo;68466;C;10000
301;JBR20200JBR20106;JBR;Jawa Timur;Banyuwangi;Kabat;k301;Badean;68461;C;10000
302;JBR20200JBR20106;JBR;Jawa Timur;Banyuwangi;Kabat;k302;Bareng;68461;C;10000
303;JBR20200JBR20106;JBR;Jawa Timur;Banyuwangi;Kabat;k303;Benelan Lor;68461;C;10000
304;JBR20200JBR20106;JBR;Jawa Timur;Banyuwangi;Kabat;k304;Bunder;68461;C;10000
305;JBR20200JBR20106;JBR;Jawa Timur;Banyuwangi;Kabat;k305;Dadapan;68461;C;10000
306;JBR20200JBR20106;JBR;Jawa Timur;Banyuwangi;Kabat;k306;Gombolirang;68461;C;10000
307;JBR20200JBR20106;JBR;Jawa Timur;Banyuwangi;Kabat;k307;Kabat;68461;C;10000
308;JBR20200JBR20106;JBR;Jawa Timur;Banyuwangi;Kabat;k308;Kalirejo;68461;C;10000
309;JBR20200JBR20106;JBR;Jawa Timur;Banyuwangi;Kabat;k309;Kedayunan;68461;C;10000
310;JBR20200JBR20106;JBR;Jawa Timur;Banyuwangi;Kabat;k310;Labanasem;68461;C;10000
311;JBR20200JBR20106;JBR;Jawa Timur;Banyuwangi;Kabat;k311;Macan Putih;68461;C;10000
312;JBR20200JBR20106;JBR;Jawa Timur;Banyuwangi;Kabat;k312;Pakistaji;68461;C;10000
313;JBR20200JBR20106;JBR;Jawa Timur;Banyuwangi;Kabat;k313;Pendarungan;68461;C;10000
314;JBR20200JBR20106;JBR;Jawa Timur;Banyuwangi;Kabat;k314;Pondoknongko;68461;C;10000
315;JBR20200JBR20106;JBR;Jawa Timur;Banyuwangi;Kabat;k315;Sukojati;68461;C;10000
316;JBR20200JBR20106;JBR;Jawa Timur;Banyuwangi;Kabat;k316;Tambong;68461;C;10000
317;JBR20200JBR20107;JBR;Jawa Timur;Banyuwangi;Kalibaru;k317;Banyuanyar;68467;C;10000
318;JBR20200JBR20107;JBR;Jawa Timur;Banyuwangi;Kalibaru;k318;Kajarharjo;68467;C;10000
319;JBR20200JBR20107;JBR;Jawa Timur;Banyuwangi;Kalibaru;k319;Kalibaru Kulon;68467;C;10000
320;JBR20200JBR20107;JBR;Jawa Timur;Banyuwangi;Kalibaru;k320;Kalibaru Manis;68467;C;10000
321;JBR20200JBR20107;JBR;Jawa Timur;Banyuwangi;Kalibaru;k321;Kalibaru Wetan;68467;C;10000
322;JBR20200JBR20107;JBR;Jawa Timur;Banyuwangi;Kalibaru;k322;Kebonrejo;68467;C;10000
323;JBR20200JBR20108;JBR;Jawa Timur;Banyuwangi;Muncar;k323;Blambangan;68472;C;10000
324;JBR20200JBR20108;JBR;Jawa Timur;Banyuwangi;Muncar;k324;Kedungrejo;68472;C;10000
325;JBR20200JBR20108;JBR;Jawa Timur;Banyuwangi;Muncar;k325;Kedungringin (Kedungpringin);68472;C;10000
326;JBR20200JBR20108;JBR;Jawa Timur;Banyuwangi;Muncar;k326;Kumendung;68472;C;10000
327;JBR20200JBR20108;JBR;Jawa Timur;Banyuwangi;Muncar;k327;Sumberberas;68472;C;10000
328;JBR20200JBR20108;JBR;Jawa Timur;Banyuwangi;Muncar;k328;Sumbersewu;68472;C;10000
329;JBR20200JBR20108;JBR;Jawa Timur;Banyuwangi;Muncar;k329;Tambakrejo;68472;C;10000
330;JBR20200JBR20108;JBR;Jawa Timur;Banyuwangi;Muncar;k330;Tapanrejo;68472;C;10000
331;JBR20200JBR20108;JBR;Jawa Timur;Banyuwangi;Muncar;k331;Tembokrejo;68472;C;10000
332;JBR20200JBR20108;JBR;Jawa Timur;Banyuwangi;Muncar;k332;Wringin Putih;68472;C;10000
333;JBR20200JBR20109;JBR;Jawa Timur;Banyuwangi;Pesanggaran;k333;Kandangan;68488;C;10000
334;JBR20200JBR20109;JBR;Jawa Timur;Banyuwangi;Pesanggaran;k334;Pesanggaran;68488;C;10000
335;JBR20200JBR20109;JBR;Jawa Timur;Banyuwangi;Pesanggaran;k335;Sarongan;68488;C;10000
336;JBR20200JBR20109;JBR;Jawa Timur;Banyuwangi;Pesanggaran;k336;Sumberagung;68488;C;10000
337;JBR20200JBR20109;JBR;Jawa Timur;Banyuwangi;Pesanggaran;k337;Sumbermulyo;68488;C;10000
338;JBR20200JBR20110;JBR;Jawa Timur;Banyuwangi;Purwoharjo;k338;Bulurejo;68483;C;10000
339;JBR20200JBR20110;JBR;Jawa Timur;Banyuwangi;Purwoharjo;k339;Glagahagung;68483;C;10000
340;JBR20200JBR20110;JBR;Jawa Timur;Banyuwangi;Purwoharjo;k340;Grajagan;68483;C;10000
341;JBR20200JBR20110;JBR;Jawa Timur;Banyuwangi;Purwoharjo;k341;Karetan (Keretan);68483;C;10000
342;JBR20200JBR20110;JBR;Jawa Timur;Banyuwangi;Purwoharjo;k342;Kradenan;68483;C;10000
343;JBR20200JBR20110;JBR;Jawa Timur;Banyuwangi;Purwoharjo;k343;Purwoharjo;68483;C;10000
344;JBR20200JBR20110;JBR;Jawa Timur;Banyuwangi;Purwoharjo;k344;Sidorejo;68483;C;10000
345;JBR20200JBR20110;JBR;Jawa Timur;Banyuwangi;Purwoharjo;k345;Sumberasri;68483;C;10000
346;JBR20200JBR20111;JBR;Jawa Timur;Banyuwangi;Rogojampi;k346;Aliyan;68462;C;10000
347;JBR20200JBR20111;JBR;Jawa Timur;Banyuwangi;Rogojampi;k347;Blimbing Sari;68462;C;10000
348;JBR20200JBR20111;JBR;Jawa Timur;Banyuwangi;Rogojampi;k348;Bomo;68462;C;10000
349;JBR20200JBR20111;JBR;Jawa Timur;Banyuwangi;Rogojampi;k349;Bubuk;68462;C;10000
350;JBR20200JBR20111;JBR;Jawa Timur;Banyuwangi;Rogojampi;k350;Gintangan;68462;C;10000
351;JBR20200JBR20111;JBR;Jawa Timur;Banyuwangi;Rogojampi;k351;Gitik;68462;C;10000
352;JBR20200JBR20111;JBR;Jawa Timur;Banyuwangi;Rogojampi;k352;Gladag;68462;C;10000
353;JBR20200JBR20111;JBR;Jawa Timur;Banyuwangi;Rogojampi;k353;Kaligung;68462;C;10000
354;JBR20200JBR20111;JBR;Jawa Timur;Banyuwangi;Rogojampi;k354;Kaotan;68462;C;10000
355;JBR20200JBR20111;JBR;Jawa Timur;Banyuwangi;Rogojampi;k355;Karang Bendo;68462;C;10000
356;JBR20200JBR20111;JBR;Jawa Timur;Banyuwangi;Rogojampi;k356;Karangrejo;68462;C;10000
357;JBR20200JBR20111;JBR;Jawa Timur;Banyuwangi;Rogojampi;k357;Kedaleman;68462;C;10000
358;JBR20200JBR20111;JBR;Jawa Timur;Banyuwangi;Rogojampi;k358;Lemahbang Dewo;68462;C;10000
359;JBR20200JBR20111;JBR;Jawa Timur;Banyuwangi;Rogojampi;k359;Mangir;68462;C;10000
360;JBR20200JBR20111;JBR;Jawa Timur;Banyuwangi;Rogojampi;k360;Patoman;68462;C;10000
361;JBR20200JBR20111;JBR;Jawa Timur;Banyuwangi;Rogojampi;k361;Pengantigan;68462;C;10000
362;JBR20200JBR20111;JBR;Jawa Timur;Banyuwangi;Rogojampi;k362;Rogojampi;68462;C;10000
363;JBR20200JBR20111;JBR;Jawa Timur;Banyuwangi;Rogojampi;k363;Watu Kebo;68462;C;10000
364;JBR20200JBR20112;JBR;Jawa Timur;Banyuwangi;Singojuruh;k364;Alas Malang;68464;C;10000
365;JBR20200JBR20112;JBR;Jawa Timur;Banyuwangi;Singojuruh;k365;Benelan Kidul;68464;C;10000
366;JBR20200JBR20112;JBR;Jawa Timur;Banyuwangi;Singojuruh;k366;Cantuk;68464;C;10000
367;JBR20200JBR20112;JBR;Jawa Timur;Banyuwangi;Singojuruh;k367;Gambor;68464;C;10000
368;JBR20200JBR20112;JBR;Jawa Timur;Banyuwangi;Singojuruh;k368;Gumirih;68464;C;10000
369;JBR20200JBR20112;JBR;Jawa Timur;Banyuwangi;Singojuruh;k369;Kemiri;68464;C;10000
370;JBR20200JBR20112;JBR;Jawa Timur;Banyuwangi;Singojuruh;k370;Lemahbang Kulon;68464;C;10000
371;JBR20200JBR20112;JBR;Jawa Timur;Banyuwangi;Singojuruh;k371;Padang;68464;C;10000
372;JBR20200JBR20112;JBR;Jawa Timur;Banyuwangi;Singojuruh;k372;Singojuruh;68464;C;10000
373;JBR20200JBR20112;JBR;Jawa Timur;Banyuwangi;Singojuruh;k373;Singolatren;68464;C;10000
374;JBR20200JBR20112;JBR;Jawa Timur;Banyuwangi;Singojuruh;k374;Sumber Baru;68464;C;10000
375;JBR20200JBR20113;JBR;Jawa Timur;Banyuwangi;Songgon;k375;Balak;68463;C;10000
376;JBR20200JBR20113;JBR;Jawa Timur;Banyuwangi;Songgon;k376;Bangunsari;68463;C;10000
377;JBR20200JBR20113;JBR;Jawa Timur;Banyuwangi;Songgon;k377;Bayu;68463;C;10000
378;JBR20200JBR20113;JBR;Jawa Timur;Banyuwangi;Songgon;k378;Bedewang;68463;C;10000
379;JBR20200JBR20113;JBR;Jawa Timur;Banyuwangi;Songgon;k379;Parangharjo;68463;C;10000
380;JBR20200JBR20113;JBR;Jawa Timur;Banyuwangi;Songgon;k380;Songgon;68463;C;10000
381;JBR20200JBR20113;JBR;Jawa Timur;Banyuwangi;Songgon;k381;Sragi;68463;C;10000
382;JBR20200JBR20113;JBR;Jawa Timur;Banyuwangi;Songgon;k382;Sumber Arum;68463;C;10000
383;JBR20200JBR20113;JBR;Jawa Timur;Banyuwangi;Songgon;k383;Sumber Bulu;68463;C;10000
384;JBR20200JBR20114;JBR;Jawa Timur;Banyuwangi;Srono;k384;Bagorejo;68471;C;10000
385;JBR20200JBR20114;JBR;Jawa Timur;Banyuwangi;Srono;k385;Kebaman;68471;C;10000
386;JBR20200JBR20114;JBR;Jawa Timur;Banyuwangi;Srono;k386;Kepundungan;68471;C;10000
387;JBR20200JBR20114;JBR;Jawa Timur;Banyuwangi;Srono;k387;Parijatah Kulon;68471;C;10000
388;JBR20200JBR20114;JBR;Jawa Timur;Banyuwangi;Srono;k388;Parijatah Wetan;68471;C;10000
389;JBR20200JBR20114;JBR;Jawa Timur;Banyuwangi;Srono;k389;Rejoagung;68471;C;10000
390;JBR20200JBR20114;JBR;Jawa Timur;Banyuwangi;Srono;k390;Sukomaju;68471;C;10000
391;JBR20200JBR20114;JBR;Jawa Timur;Banyuwangi;Srono;k391;Sukonatar;68471;C;10000
392;JBR20200JBR20114;JBR;Jawa Timur;Banyuwangi;Srono;k392;Sumbersari;68471;C;10000
393;JBR20200JBR20114;JBR;Jawa Timur;Banyuwangi;Srono;k393;Wonosobo;68471;C;10000
394;JBR20200JBR20115;JBR;Jawa Timur;Banyuwangi;Tegaldlimo;k394;Kalipait;68484;C;10000
395;JBR20200JBR20115;JBR;Jawa Timur;Banyuwangi;Tegaldlimo;k395;Kedungasri;68484;C;10000
396;JBR20200JBR20115;JBR;Jawa Timur;Banyuwangi;Tegaldlimo;k396;Kedunggebang;68484;C;10000
397;JBR20200JBR20115;JBR;Jawa Timur;Banyuwangi;Tegaldlimo;k397;Kedungwungu;68484;C;10000
398;JBR20200JBR20115;JBR;Jawa Timur;Banyuwangi;Tegaldlimo;k398;Kendalrejo;68484;C;10000
399;JBR20200JBR20115;JBR;Jawa Timur;Banyuwangi;Tegaldlimo;k399;Purwoagung;68484;C;10000
400;JBR20200JBR20115;JBR;Jawa Timur;Banyuwangi;Tegaldlimo;k400;Purwoasri;68484;C;10000
401;JBR20200JBR20115;JBR;Jawa Timur;Banyuwangi;Tegaldlimo;k401;Tegaldlimo;68484;C;10000
402;JBR20200JBR20115;JBR;Jawa Timur;Banyuwangi;Tegaldlimo;k402;Wringinpitu;68484;C;10000
403;JBR20200JBR20116;JBR;Jawa Timur;Banyuwangi;Wongsorejo;k403;Alasbulu;68453;C;10000
404;JBR20200JBR20116;JBR;Jawa Timur;Banyuwangi;Wongsorejo;k404;Alasrejo;68453;C;10000
405;JBR20200JBR20116;JBR;Jawa Timur;Banyuwangi;Wongsorejo;k405;Bajulmati;68453;C;10000
406;JBR20200JBR20116;JBR;Jawa Timur;Banyuwangi;Wongsorejo;k406;Bangsring;68453;C;10000
407;JBR20200JBR20116;JBR;Jawa Timur;Banyuwangi;Wongsorejo;k407;Bengkak;68453;C;10000
408;JBR20200JBR20116;JBR;Jawa Timur;Banyuwangi;Wongsorejo;k408;Bimorejo;68453;C;10000
409;JBR20200JBR20116;JBR;Jawa Timur;Banyuwangi;Wongsorejo;k409;Sidodadi;68453;C;10000
410;JBR20200JBR20116;JBR;Jawa Timur;Banyuwangi;Wongsorejo;k410;Sidowangi;68453;C;10000
411;JBR20200JBR20116;JBR;Jawa Timur;Banyuwangi;Wongsorejo;k411;Sumberanyar;68453;C;10000
412;JBR20200JBR20116;JBR;Jawa Timur;Banyuwangi;Wongsorejo;k412;Sumberkencono;68453;C;10000
413;JBR20200JBR20116;JBR;Jawa Timur;Banyuwangi;Wongsorejo;k413;Watukebo;68453;C;10000
414;JBR20200JBR20116;JBR;Jawa Timur;Banyuwangi;Wongsorejo;k414;Wongsorejo;68453;C;10000
415;JBR20200JBR20117;JBR;Jawa Timur;Banyuwangi;Glagah;k415;Bakungan;68431;C;10000
416;JBR20200JBR20117;JBR;Jawa Timur;Banyuwangi;Glagah;k416;Banjarsari;68432;C;10000
417;JBR20200JBR20117;JBR;Jawa Timur;Banyuwangi;Glagah;k417;Glagah;68432;C;10000
418;JBR20200JBR20117;JBR;Jawa Timur;Banyuwangi;Glagah;k418;Kampunganyar;68432;C;10000
419;JBR20200JBR20117;JBR;Jawa Timur;Banyuwangi;Glagah;k419;Kemiren;68432;C;10000
420;JBR20200JBR20117;JBR;Jawa Timur;Banyuwangi;Glagah;k420;Kenjo;68432;C;10000
421;JBR20200JBR20117;JBR;Jawa Timur;Banyuwangi;Glagah;k421;Olehsari;68432;C;10000
422;JBR20200JBR20117;JBR;Jawa Timur;Banyuwangi;Glagah;k422;Paspan;68432;C;10000
423;JBR20200JBR20117;JBR;Jawa Timur;Banyuwangi;Glagah;k423;Rejosari;68432;C;10000
424;JBR20200JBR20117;JBR;Jawa Timur;Banyuwangi;Glagah;k424;Tamansuruh;68432;C;10000
425;JBR20200JBR20118;JBR;Jawa Timur;Banyuwangi;Giri;k425;Boyolangu;68424;C;10000
426;JBR20200JBR20118;JBR;Jawa Timur;Banyuwangi;Giri;k426;Giri;68423;C;10000
427;JBR20200JBR20118;JBR;Jawa Timur;Banyuwangi;Giri;k427;Grogol;68425;C;10000
428;JBR20200JBR20118;JBR;Jawa Timur;Banyuwangi;Giri;k428;Jambesari;68425;C;10000
429;JBR20200JBR20118;JBR;Jawa Timur;Banyuwangi;Giri;k429;Mojopanggung;68425;C;10000
430;JBR20200JBR20118;JBR;Jawa Timur;Banyuwangi;Giri;k430;Penataban;68422;C;10000
431;JBR20200JBR20119;JBR;Jawa Timur;Banyuwangi;Kalipuro;k431;Bulusan;68455;C;10000
432;JBR20200JBR20119;JBR;Jawa Timur;Banyuwangi;Kalipuro;k432;Bulusari;68455;C;10000
433;JBR20200JBR20119;JBR;Jawa Timur;Banyuwangi;Kalipuro;k433;Gombengsari;68455;C;10000
434;JBR20200JBR20119;JBR;Jawa Timur;Banyuwangi;Kalipuro;k434;Kalipuro;68455;C;10000
435;JBR20200JBR20119;JBR;Jawa Timur;Banyuwangi;Kalipuro;k435;Kelir;68455;C;10000
436;JBR20200JBR20119;JBR;Jawa Timur;Banyuwangi;Kalipuro;k436;Ketapang;68455;C;10000
437;JBR20200JBR20119;JBR;Jawa Timur;Banyuwangi;Kalipuro;k437;Klatak;68421;C;10000
438;JBR20200JBR20119;JBR;Jawa Timur;Banyuwangi;Kalipuro;k438;Pesucen;68455;C;10000
439;JBR20200JBR20119;JBR;Jawa Timur;Banyuwangi;Kalipuro;k439;Telemung;68455;C;10000
440;JBR20200JBR20120;JBR;Jawa Timur;Banyuwangi;Licin;k440;Banjar;68454;C;10000
441;JBR20200JBR20120;JBR;Jawa Timur;Banyuwangi;Licin;k441;Gumuk;68454;C;10000
442;JBR20200JBR20120;JBR;Jawa Timur;Banyuwangi;Licin;k442;Jelun;68454;C;10000
443;JBR20200JBR20120;JBR;Jawa Timur;Banyuwangi;Licin;k443;Kluncing;68454;C;10000
444;JBR20200JBR20120;JBR;Jawa Timur;Banyuwangi;Licin;k444;Licin;68454;C;10000
445;JBR20200JBR20120;JBR;Jawa Timur;Banyuwangi;Licin;k445;Pakel;68454;C;10000
446;JBR20200JBR20120;JBR;Jawa Timur;Banyuwangi;Licin;k446;Segobang;68454;C;10000
447;JBR20200JBR20120;JBR;Jawa Timur;Banyuwangi;Licin;k447;Tamansari;68454;C;10000
448;JBR20200JBR20121;JBR;Jawa Timur;Banyuwangi;Sempu;k448;Gendoh;68468;C;10000
449;JBR20200JBR20121;JBR;Jawa Timur;Banyuwangi;Sempu;k449;Jambewangi;68468;C;10000
450;JBR20200JBR20121;JBR;Jawa Timur;Banyuwangi;Sempu;k450;Karangsari;68468;C;10000
451;JBR20200JBR20121;JBR;Jawa Timur;Banyuwangi;Sempu;k451;Sempu;68468;C;10000
452;JBR20200JBR20121;JBR;Jawa Timur;Banyuwangi;Sempu;k452;Tegalarum;68468;C;10000
453;JBR20200JBR20121;JBR;Jawa Timur;Banyuwangi;Sempu;k453;Temuasri;68468;C;10000
454;JBR20200JBR20121;JBR;Jawa Timur;Banyuwangi;Sempu;k454;Temuguruh;68468;C;10000
455;JBR20200JBR20122;JBR;Jawa Timur;Banyuwangi;Siliragung;k455;Barurejo;68488;C;10000
456;JBR20200JBR20122;JBR;Jawa Timur;Banyuwangi;Siliragung;k456;Buluagung;68488;C;10000
457;JBR20200JBR20122;JBR;Jawa Timur;Banyuwangi;Siliragung;k457;Kesilir;68488;C;10000
458;JBR20200JBR20122;JBR;Jawa Timur;Banyuwangi;Siliragung;k458;Seneporejo;68488;C;10000
459;JBR20200JBR20122;JBR;Jawa Timur;Banyuwangi;Siliragung;k459;Siliragung;68488;C;10000
460;JBR20200JBR20123;JBR;Jawa Timur;Banyuwangi;Tegalsari;k460;Dasri;68485;C;10000
461;JBR20200JBR20123;JBR;Jawa Timur;Banyuwangi;Tegalsari;k461;Karangdoro;68485;C;10000
462;JBR20200JBR20123;JBR;Jawa Timur;Banyuwangi;Tegalsari;k462;Karangmulyo;68485;C;10000
463;JBR20200JBR20123;JBR;Jawa Timur;Banyuwangi;Tegalsari;k463;Tamansari;68485;C;10000
464;JBR20200JBR20123;JBR;Jawa Timur;Banyuwangi;Tegalsari;k464;Tegalrejo;68485;C;10000
465;JBR20200JBR20123;JBR;Jawa Timur;Banyuwangi;Tegalsari;k465;Tegalsari;68485;C;10000
466;JBR20200JBR20200;JBR;Jawa Timur;Bondowoso;Bondowoso;k466;Badean;68214;B;5000
467;JBR20200JBR20200;JBR;Jawa Timur;Bondowoso;Bondowoso;k467;Blindungan;68212;B;5000
468;JBR20200JBR20200;JBR;Jawa Timur;Bondowoso;Bondowoso;k468;Dabasah;68211;B;5000
469;JBR20200JBR20200;JBR;Jawa Timur;Bondowoso;Bondowoso;k469;Kademangan;68217;B;5000
470;JBR20200JBR20200;JBR;Jawa Timur;Bondowoso;Bondowoso;k470;Kembang;68219;B;5000
471;JBR20200JBR20200;JBR;Jawa Timur;Bondowoso;Bondowoso;k471;Kotakulon;68213;B;5000
472;JBR20200JBR20200;JBR;Jawa Timur;Bondowoso;Bondowoso;k472;Nangkaan;68215;B;5000
473;JBR20200JBR20200;JBR;Jawa Timur;Bondowoso;Bondowoso;k473;Pancoran;68219;B;5000
474;JBR20200JBR20200;JBR;Jawa Timur;Bondowoso;Bondowoso;k474;Pejaten;68218;B;5000
475;JBR20200JBR20200;JBR;Jawa Timur;Bondowoso;Bondowoso;k475;Sukowiryo;68219;B;5000
476;JBR20200JBR20200;JBR;Jawa Timur;Bondowoso;Bondowoso;k476;Tamansari;68216;B;5000
477;JBR20200JBR20201;JBR;Jawa Timur;Bondowoso;Cermee;k477;Bajuran;68286;C;10000
478;JBR20200JBR20201;JBR;Jawa Timur;Bondowoso;Cermee;k478;Batu Ampar;68286;C;10000
479;JBR20200JBR20201;JBR;Jawa Timur;Bondowoso;Cermee;k479;Batu Salang;68286;C;10000
480;JBR20200JBR20201;JBR;Jawa Timur;Bondowoso;Cermee;k480;Bercak;68286;C;10000
481;JBR20200JBR20201;JBR;Jawa Timur;Bondowoso;Cermee;k481;Bercak Asri;68286;C;10000
482;JBR20200JBR20201;JBR;Jawa Timur;Bondowoso;Cermee;k482;Cermee;68286;C;10000
483;JBR20200JBR20201;JBR;Jawa Timur;Bondowoso;Cermee;k483;Grujugan;68261;C;10000
484;JBR20200JBR20201;JBR;Jawa Timur;Bondowoso;Cermee;k484;Jirek Mas;68286;C;10000
485;JBR20200JBR20201;JBR;Jawa Timur;Bondowoso;Cermee;k485;Kladi;68286;C;10000
486;JBR20200JBR20201;JBR;Jawa Timur;Bondowoso;Cermee;k486;Pelalangan;68286;C;10000
487;JBR20200JBR20201;JBR;Jawa Timur;Bondowoso;Cermee;k487;Ramban Kulon;68286;C;10000
488;JBR20200JBR20201;JBR;Jawa Timur;Bondowoso;Cermee;k488;Ramban Wetan;68286;C;10000
489;JBR20200JBR20201;JBR;Jawa Timur;Bondowoso;Cermee;k489;Solor;68286;C;10000
490;JBR20200JBR20201;JBR;Jawa Timur;Bondowoso;Cermee;k490;Suling Kulon;68286;C;10000
491;JBR20200JBR20201;JBR;Jawa Timur;Bondowoso;Cermee;k491;Suling Wetan;68286;C;10000
492;JBR20200JBR20202;JBR;Jawa Timur;Bondowoso;Curahdami;k492;Curahdami;68251;B;5000
493;JBR20200JBR20202;JBR;Jawa Timur;Bondowoso;Curahdami;k493;Curahpoh;68251;B;5000
494;JBR20200JBR20202;JBR;Jawa Timur;Bondowoso;Curahdami;k494;Jetis;68251;B;5000
495;JBR20200JBR20202;JBR;Jawa Timur;Bondowoso;Curahdami;k495;Kupang;68251;B;5000
496;JBR20200JBR20202;JBR;Jawa Timur;Bondowoso;Curahdami;k496;Locare;68251;B;5000
497;JBR20200JBR20202;JBR;Jawa Timur;Bondowoso;Curahdami;k497;Pakuwesi;68251;B;5000
498;JBR20200JBR20202;JBR;Jawa Timur;Bondowoso;Curahdami;k498;Penambangan;68251;B;5000
499;JBR20200JBR20202;JBR;Jawa Timur;Bondowoso;Curahdami;k499;Petung;68251;B;5000
500;JBR20200JBR20202;JBR;Jawa Timur;Bondowoso;Curahdami;k500;Poncogati;68251;B;5000
501;JBR20200JBR20202;JBR;Jawa Timur;Bondowoso;Curahdami;k501;Silolembu;68251;B;5000
502;JBR20200JBR20202;JBR;Jawa Timur;Bondowoso;Curahdami;k502;Sumber Salak;68251;B;5000
503;JBR20200JBR20202;JBR;Jawa Timur;Bondowoso;Curahdami;k503;Sumbersuko;68251;B;5000
504;JBR20200JBR20203;JBR;Jawa Timur;Bondowoso;Grujugan;k504;Dadapan;68261;B;5000
505;JBR20200JBR20203;JBR;Jawa Timur;Bondowoso;Grujugan;k505;Dawuhan;68261;B;5000
506;JBR20200JBR20203;JBR;Jawa Timur;Bondowoso;Grujugan;k506;Grujugan Kidul;68261;B;5000
507;JBR20200JBR20203;JBR;Jawa Timur;Bondowoso;Grujugan;k507;Kabuaran;68261;B;5000
508;JBR20200JBR20203;JBR;Jawa Timur;Bondowoso;Grujugan;k508;Kejawan;68261;B;5000
509;JBR20200JBR20203;JBR;Jawa Timur;Bondowoso;Grujugan;k509;Pekauman;68261;B;5000
510;JBR20200JBR20203;JBR;Jawa Timur;Bondowoso;Grujugan;k510;Sumberpandan;68261;B;5000
511;JBR20200JBR20203;JBR;Jawa Timur;Bondowoso;Grujugan;k511;Taman;68261;B;5000
512;JBR20200JBR20203;JBR;Jawa Timur;Bondowoso;Grujugan;k512;Tegalmijin;68261;B;5000
513;JBR20200JBR20203;JBR;Jawa Timur;Bondowoso;Grujugan;k513;Wanisodo;68261;B;5000
514;JBR20200JBR20203;JBR;Jawa Timur;Bondowoso;Grujugan;k514;Wonosari;68261;B;5000
515;JBR20200JBR20204;JBR;Jawa Timur;Bondowoso;Klabang;k515;Besuk;68284;C;5000
516;JBR20200JBR20204;JBR;Jawa Timur;Bondowoso;Klabang;k516;Blimbing;68284;C;5000
517;JBR20200JBR20204;JBR;Jawa Timur;Bondowoso;Klabang;k517;Karang Sengon;68284;C;5000
518;JBR20200JBR20204;JBR;Jawa Timur;Bondowoso;Klabang;k518;Karanganyar;68284;C;5000
519;JBR20200JBR20204;JBR;Jawa Timur;Bondowoso;Klabang;k519;Klabang;68284;C;5000
520;JBR20200JBR20204;JBR;Jawa Timur;Bondowoso;Klabang;k520;Klampokan;68284;C;5000
521;JBR20200JBR20204;JBR;Jawa Timur;Bondowoso;Klabang;k521;Leprak;68284;C;5000
522;JBR20200JBR20204;JBR;Jawa Timur;Bondowoso;Klabang;k522;Pandak;68284;C;5000
523;JBR20200JBR20204;JBR;Jawa Timur;Bondowoso;Klabang;k523;Sumbersuko;68284;C;5000
524;JBR20200JBR20204;JBR;Jawa Timur;Bondowoso;Klabang;k524;Wonoboyo;68284;C;5000
525;JBR20200JBR20204;JBR;Jawa Timur;Bondowoso;Klabang;k525;Wonokerto;68284;C;5000
526;JBR20200JBR20205;JBR;Jawa Timur;Bondowoso;Maesan;k526;Gambangan;68262;B;5000
527;JBR20200JBR20205;JBR;Jawa Timur;Bondowoso;Maesan;k527;Gunung Sari;68262;B;5000
528;JBR20200JBR20205;JBR;Jawa Timur;Bondowoso;Maesan;k528;Maesan;68262;B;5000
529;JBR20200JBR20205;JBR;Jawa Timur;Bondowoso;Maesan;k529;Pakuniran;68262;B;5000
530;JBR20200JBR20205;JBR;Jawa Timur;Bondowoso;Maesan;k530;Penanggungan;68262;B;5000
531;JBR20200JBR20205;JBR;Jawa Timur;Bondowoso;Maesan;k531;Pujerbaru;68262;B;5000
532;JBR20200JBR20205;JBR;Jawa Timur;Bondowoso;Maesan;k532;Sucolor;68262;B;5000
533;JBR20200JBR20205;JBR;Jawa Timur;Bondowoso;Maesan;k533;Suger Lor;68262;B;5000
534;JBR20200JBR20205;JBR;Jawa Timur;Bondowoso;Maesan;k534;Sumber Anyar;68262;B;5000
535;JBR20200JBR20205;JBR;Jawa Timur;Bondowoso;Maesan;k535;Sumberpakem;68262;B;5000
536;JBR20200JBR20205;JBR;Jawa Timur;Bondowoso;Maesan;k536;Sumbersari;68262;B;5000
537;JBR20200JBR20205;JBR;Jawa Timur;Bondowoso;Maesan;k537;Tanahwulan;68262;B;5000
538;JBR20200JBR20206;JBR;Jawa Timur;Bondowoso;Pakem;k538;Andungsari;68253;B;5000
539;JBR20200JBR20206;JBR;Jawa Timur;Bondowoso;Pakem;k539;Ardisaeng;68253;B;5000
540;JBR20200JBR20206;JBR;Jawa Timur;Bondowoso;Pakem;k540;Gadingsari;68253;B;5000
541;JBR20200JBR20206;JBR;Jawa Timur;Bondowoso;Pakem;k541;Kupang;68253;B;5000
542;JBR20200JBR20206;JBR;Jawa Timur;Bondowoso;Pakem;k542;Pakem;68253;B;5000
543;JBR20200JBR20206;JBR;Jawa Timur;Bondowoso;Pakem;k543;Patemon;68253;B;5000
544;JBR20200JBR20206;JBR;Jawa Timur;Bondowoso;Pakem;k544;Petung;68253;B;5000
545;JBR20200JBR20206;JBR;Jawa Timur;Bondowoso;Pakem;k545;Sumber Dumpyong;68253;B;5000
546;JBR20200JBR20207;JBR;Jawa Timur;Bondowoso;Prajekan;k546;Bandilan;68285;B;5000
547;JBR20200JBR20207;JBR;Jawa Timur;Bondowoso;Prajekan;k547;Cangkring;68285;B;5000
548;JBR20200JBR20207;JBR;Jawa Timur;Bondowoso;Prajekan;k548;Prajekan Kidul;68285;B;5000
549;JBR20200JBR20207;JBR;Jawa Timur;Bondowoso;Prajekan;k549;Prajekan Lor;68285;B;5000
550;JBR20200JBR20207;JBR;Jawa Timur;Bondowoso;Prajekan;k550;Sempol;68285;B;5000
551;JBR20200JBR20207;JBR;Jawa Timur;Bondowoso;Prajekan;k551;Tarum;68285;B;5000
552;JBR20200JBR20207;JBR;Jawa Timur;Bondowoso;Prajekan;k552;Walidono;68285;B;5000
553;JBR20200JBR20208;JBR;Jawa Timur;Bondowoso;Pujer;k553;Alassumur;68271;C;5000
554;JBR20200JBR20208;JBR;Jawa Timur;Bondowoso;Pujer;k554;Kejayan;68271;C;5000
555;JBR20200JBR20208;JBR;Jawa Timur;Bondowoso;Pujer;k555;Mangli;68271;C;5000
556;JBR20200JBR20208;JBR;Jawa Timur;Bondowoso;Pujer;k556;Maskuning Kulon;68271;C;5000
557;JBR20200JBR20208;JBR;Jawa Timur;Bondowoso;Pujer;k557;Maskuning Wetan;68271;C;5000
558;JBR20200JBR20208;JBR;Jawa Timur;Bondowoso;Pujer;k558;Mengok;68271;C;5000
559;JBR20200JBR20208;JBR;Jawa Timur;Bondowoso;Pujer;k559;Padasan;68271;C;5000
560;JBR20200JBR20208;JBR;Jawa Timur;Bondowoso;Pujer;k560;Randucangkring;68271;C;5000
561;JBR20200JBR20208;JBR;Jawa Timur;Bondowoso;Pujer;k561;Sukodono;68271;C;5000
562;JBR20200JBR20208;JBR;Jawa Timur;Bondowoso;Pujer;k562;Sukokerto;68271;C;5000
563;JBR20200JBR20208;JBR;Jawa Timur;Bondowoso;Pujer;k563;Sukowono;68271;C;5000
564;JBR20200JBR20209;JBR;Jawa Timur;Bondowoso;Sempol;k564;Jampit;68288;B;10000
565;JBR20200JBR20209;JBR;Jawa Timur;Bondowoso;Sempol;k565;Kalianyar;68288;B;10000
566;JBR20200JBR20209;JBR;Jawa Timur;Bondowoso;Sempol;k566;Kaligedang;68288;B;10000
567;JBR20200JBR20209;JBR;Jawa Timur;Bondowoso;Sempol;k567;Kalisat;68288;B;10000
568;JBR20200JBR20209;JBR;Jawa Timur;Bondowoso;Sempol;k568;Sempol;68288;B;10000
569;JBR20200JBR20209;JBR;Jawa Timur;Bondowoso;Sempol;k569;Sumber Rejo;68288;B;10000
570;JBR20200JBR20210;JBR;Jawa Timur;Bondowoso;Sukosari;k570;Kerang;68287;C;10000
571;JBR20200JBR20210;JBR;Jawa Timur;Bondowoso;Sukosari;k571;Nogosari;68287;C;10000
572;JBR20200JBR20210;JBR;Jawa Timur;Bondowoso;Sukosari;k572;Pecalongan;68287;C;10000
573;JBR20200JBR20210;JBR;Jawa Timur;Bondowoso;Sukosari;k573;Sukosari Lor;68287;C;10000
574;JBR20200JBR20211;JBR;Jawa Timur;Bondowoso;Tamanan;k574;Kalianyar;68263;B;5000
575;JBR20200JBR20211;JBR;Jawa Timur;Bondowoso;Tamanan;k575;Karangmelok;68263;B;5000
576;JBR20200JBR20211;JBR;Jawa Timur;Bondowoso;Tamanan;k576;Kemirian;68263;B;5000
577;JBR20200JBR20211;JBR;Jawa Timur;Bondowoso;Tamanan;k577;Mengen;68263;B;5000
578;JBR20200JBR20211;JBR;Jawa Timur;Bondowoso;Tamanan;k578;Sukosari;68263;B;5000
579;JBR20200JBR20211;JBR;Jawa Timur;Bondowoso;Tamanan;k579;Sumber Anom;68263;B;5000
580;JBR20200JBR20211;JBR;Jawa Timur;Bondowoso;Tamanan;k580;Sumberkemuning;68263;B;5000
581;JBR20200JBR20211;JBR;Jawa Timur;Bondowoso;Tamanan;k581;Tamanan;68263;B;5000
582;JBR20200JBR20211;JBR;Jawa Timur;Bondowoso;Tamanan;k582;Wonosuko;68263;B;5000
583;JBR20200JBR20212;JBR;Jawa Timur;Bondowoso;Tapen;k583;Cindogo;68283;B;5000
584;JBR20200JBR20212;JBR;Jawa Timur;Bondowoso;Tapen;k584;Gununganyar;68283;B;5000
585;JBR20200JBR20212;JBR;Jawa Timur;Bondowoso;Tapen;k585;Jurangsapi;68283;B;5000
586;JBR20200JBR20212;JBR;Jawa Timur;Bondowoso;Tapen;k586;Kalitapen;68283;B;5000
587;JBR20200JBR20212;JBR;Jawa Timur;Bondowoso;Tapen;k587;Mangli Wetan;68283;B;5000
588;JBR20200JBR20212;JBR;Jawa Timur;Bondowoso;Tapen;k588;Mrawan;68283;B;5000
589;JBR20200JBR20212;JBR;Jawa Timur;Bondowoso;Tapen;k589;Taal;68283;B;5000
590;JBR20200JBR20212;JBR;Jawa Timur;Bondowoso;Tapen;k590;Tapen;68283;B;5000
591;JBR20200JBR20212;JBR;Jawa Timur;Bondowoso;Tapen;k591;Wonokusumo;68283;B;5000
592;JBR20200JBR20213;JBR;Jawa Timur;Bondowoso;Tegalampel;k592;Karanganyar;68291;B;5000
593;JBR20200JBR20213;JBR;Jawa Timur;Bondowoso;Tegalampel;k593;Klabang;68291;B;5000
594;JBR20200JBR20213;JBR;Jawa Timur;Bondowoso;Tegalampel;k594;Klabang Agung;68291;B;5000
595;JBR20200JBR20213;JBR;Jawa Timur;Bondowoso;Tegalampel;k595;Mandiro;68291;B;5000
596;JBR20200JBR20213;JBR;Jawa Timur;Bondowoso;Tegalampel;k596;Purnama;68291;B;5000
597;JBR20200JBR20213;JBR;Jawa Timur;Bondowoso;Tegalampel;k597;Sekarputih;68291;B;5000
598;JBR20200JBR20213;JBR;Jawa Timur;Bondowoso;Tegalampel;k598;Tanggulangin;68291;B;5000
599;JBR20200JBR20213;JBR;Jawa Timur;Bondowoso;Tegalampel;k599;Tegalampel;68291;B;5000
600;JBR20200JBR20214;JBR;Jawa Timur;Bondowoso;Tenggarang;k600;Bataan;68281;B;5000
601;JBR20200JBR20214;JBR;Jawa Timur;Bondowoso;Tenggarang;k601;Dawuhan;68281;B;5000
602;JBR20200JBR20214;JBR;Jawa Timur;Bondowoso;Tenggarang;k602;Gebang;68281;B;5000
603;JBR20200JBR20214;JBR;Jawa Timur;Bondowoso;Tenggarang;k603;Kajar;68281;B;5000
604;JBR20200JBR20214;JBR;Jawa Timur;Bondowoso;Tenggarang;k604;Kesemek (Kasemek);68281;B;5000
605;JBR20200JBR20214;JBR;Jawa Timur;Bondowoso;Tenggarang;k605;Koncer Darul Alam;68281;B;5000
606;JBR20200JBR20214;JBR;Jawa Timur;Bondowoso;Tenggarang;k606;Koncer Kidul;68281;B;5000
607;JBR20200JBR20214;JBR;Jawa Timur;Bondowoso;Tenggarang;k607;Lojajar;68281;B;5000
608;JBR20200JBR20214;JBR;Jawa Timur;Bondowoso;Tenggarang;k608;Pekalangan;68281;B;5000
609;JBR20200JBR20214;JBR;Jawa Timur;Bondowoso;Tenggarang;k609;Sumbersalam;68281;B;5000
610;JBR20200JBR20214;JBR;Jawa Timur;Bondowoso;Tenggarang;k610;Tangsil Kulon;68281;B;5000
611;JBR20200JBR20214;JBR;Jawa Timur;Bondowoso;Tenggarang;k611;Tenggarang;68281;B;5000
612;JBR20200JBR20215;JBR;Jawa Timur;Bondowoso;Tlogosari;k612;Brambang Darussolah;68272;B;10000
613;JBR20200JBR20215;JBR;Jawa Timur;Bondowoso;Tlogosari;k613;Gunosari;68272;B;10000
614;JBR20200JBR20215;JBR;Jawa Timur;Bondowoso;Tlogosari;k614;Jebung Kidul;68272;B;10000
615;JBR20200JBR20215;JBR;Jawa Timur;Bondowoso;Tlogosari;k615;Jebung Lor;68272;B;10000
616;JBR20200JBR20215;JBR;Jawa Timur;Bondowoso;Tlogosari;k616;Kembang;68272;B;10000
617;JBR20200JBR20215;JBR;Jawa Timur;Bondowoso;Tlogosari;k617;Pakisan;68272;B;10000
618;JBR20200JBR20215;JBR;Jawa Timur;Bondowoso;Tlogosari;k618;Patemon;68272;B;10000
619;JBR20200JBR20215;JBR;Jawa Timur;Bondowoso;Tlogosari;k619;Sulek;68272;B;10000
620;JBR20200JBR20215;JBR;Jawa Timur;Bondowoso;Tlogosari;k620;Tlogosari;68272;B;10000
621;JBR20200JBR20215;JBR;Jawa Timur;Bondowoso;Tlogosari;k621;Trotosari;68272;B;10000
622;JBR20200JBR20216;JBR;Jawa Timur;Bondowoso;Wonosari;k622;Bendoarum;68282;B;5000
623;JBR20200JBR20216;JBR;Jawa Timur;Bondowoso;Wonosari;k623;Jumpong;68282;B;5000
624;JBR20200JBR20216;JBR;Jawa Timur;Bondowoso;Wonosari;k624;Kapuran;68282;B;5000
625;JBR20200JBR20216;JBR;Jawa Timur;Bondowoso;Wonosari;k625;Lombok Kulon;68282;B;5000
626;JBR20200JBR20216;JBR;Jawa Timur;Bondowoso;Wonosari;k626;Lombok Wetan;68282;B;5000
627;JBR20200JBR20216;JBR;Jawa Timur;Bondowoso;Wonosari;k627;Pasarejo;68282;B;5000
628;JBR20200JBR20216;JBR;Jawa Timur;Bondowoso;Wonosari;k628;Pelalangan;68282;B;5000
629;JBR20200JBR20216;JBR;Jawa Timur;Bondowoso;Wonosari;k629;Sumberkalong;68282;B;5000
630;JBR20200JBR20216;JBR;Jawa Timur;Bondowoso;Wonosari;k630;Tangsil Wetan;68282;B;5000
631;JBR20200JBR20216;JBR;Jawa Timur;Bondowoso;Wonosari;k631;Traktakan;68282;B;5000
632;JBR20200JBR20216;JBR;Jawa Timur;Bondowoso;Wonosari;k632;Tumpeng;68282;B;5000
633;JBR20200JBR20216;JBR;Jawa Timur;Bondowoso;Wonosari;k633;Wonosari;68282;B;5000
634;JBR20200JBR20217;JBR;Jawa Timur;Bondowoso;Wringin;k634;Ambulu;68252;C;5000
635;JBR20200JBR20217;JBR;Jawa Timur;Bondowoso;Wringin;k635;Ampelan;68252;C;5000
636;JBR20200JBR20217;JBR;Jawa Timur;Bondowoso;Wringin;k636;Banyuputih;68252;C;5000
637;JBR20200JBR20217;JBR;Jawa Timur;Bondowoso;Wringin;k637;Banyuwulu;68252;C;5000
638;JBR20200JBR20217;JBR;Jawa Timur;Bondowoso;Wringin;k638;Bukor;68252;C;5000
639;JBR20200JBR20217;JBR;Jawa Timur;Bondowoso;Wringin;k639;Glingseran;68252;C;5000
640;JBR20200JBR20217;JBR;Jawa Timur;Bondowoso;Wringin;k640;Gubrih;68252;C;5000
641;JBR20200JBR20217;JBR;Jawa Timur;Bondowoso;Wringin;k641;Jambewungu;68252;C;5000
642;JBR20200JBR20217;JBR;Jawa Timur;Bondowoso;Wringin;k642;Jatisari;68252;C;5000
643;JBR20200JBR20217;JBR;Jawa Timur;Bondowoso;Wringin;k643;Jatitamban;68252;C;5000
644;JBR20200JBR20217;JBR;Jawa Timur;Bondowoso;Wringin;k644;Sumbercanting;68252;C;5000
645;JBR20200JBR20217;JBR;Jawa Timur;Bondowoso;Wringin;k645;Sumbermalang;68252;C;5000
646;JBR20200JBR20217;JBR;Jawa Timur;Bondowoso;Wringin;k646;Wringin;68252;C;5000
647;JBR20200JBR20218;JBR;Jawa Timur;Bondowoso;Binakal;k647;Baratan;68251;C;5000
648;JBR20200JBR20218;JBR;Jawa Timur;Bondowoso;Binakal;k648;Bendelan;68251;C;5000
649;JBR20200JBR20218;JBR;Jawa Timur;Bondowoso;Binakal;k649;Binakal;68251;C;5000
650;JBR20200JBR20218;JBR;Jawa Timur;Bondowoso;Binakal;k650;Gadingsari;68251;C;5000
651;JBR20200JBR20218;JBR;Jawa Timur;Bondowoso;Binakal;k651;Jeruksoksok;68251;C;5000
652;JBR20200JBR20218;JBR;Jawa Timur;Bondowoso;Binakal;k652;Kembangan;68251;C;5000
653;JBR20200JBR20218;JBR;Jawa Timur;Bondowoso;Binakal;k653;Sumbertengah;68251;C;5000
654;JBR20200JBR20218;JBR;Jawa Timur;Bondowoso;Binakal;k654;Sumberwaru;68251;C;5000
655;JBR20200JBR20219;JBR;Jawa Timur;Bondowoso;Sumber Wringin;k655;Rejoagung;68287;C;10000
656;JBR20200JBR20219;JBR;Jawa Timur;Bondowoso;Sumber Wringin;k656;Sukorejo;68287;C;10000
657;JBR20200JBR20219;JBR;Jawa Timur;Bondowoso;Sumber Wringin;k657;Sukosari Kidul;68287;C;10000
658;JBR20200JBR20219;JBR;Jawa Timur;Bondowoso;Sumber Wringin;k658;Sumber Gading;68287;C;10000
659;JBR20200JBR20219;JBR;Jawa Timur;Bondowoso;Sumber Wringin;k659;Sumber Wringin;68287;C;10000
660;JBR20200JBR20219;JBR;Jawa Timur;Bondowoso;Sumber Wringin;k660;Tegaljati;68287;C;10000
661;JBR20200JBR20220;JBR;Jawa Timur;Bondowoso;Taman Krocok;k661;Gentong;68291;C;10000
662;JBR20200JBR20220;JBR;Jawa Timur;Bondowoso;Taman Krocok;k662;Kemuningan;68291;C;10000
663;JBR20200JBR20220;JBR;Jawa Timur;Bondowoso;Taman Krocok;k663;Kretek;68291;C;10000
664;JBR20200JBR20220;JBR;Jawa Timur;Bondowoso;Taman Krocok;k664;Paguan;68291;C;10000
665;JBR20200JBR20220;JBR;Jawa Timur;Bondowoso;Taman Krocok;k665;Sumberkokap;68291;C;10000
666;JBR20200JBR20220;JBR;Jawa Timur;Bondowoso;Taman Krocok;k666;Taman;68291;C;10000
667;JBR20200JBR20220;JBR;Jawa Timur;Bondowoso;Taman Krocok;k667;Trebungan;68291;C;10000
668;JBR20200JBR20221;JBR;Jawa Timur;Bondowoso;Jambe Sari Darus Sholah;k668;Grujugan Lor;68261;C;10000
669;JBR20200JBR20221;JBR;Jawa Timur;Bondowoso;Jambe Sari Darus Sholah;k669;Jambe Anom;68263;C;10000
670;JBR20200JBR20221;JBR;Jawa Timur;Bondowoso;Jambe Sari Darus Sholah;k670;Jambe Sari;68263;C;10000
671;JBR20200JBR20221;JBR;Jawa Timur;Bondowoso;Jambe Sari Darus Sholah;k671;Pejagan;68261;C;10000
672;JBR20200JBR20221;JBR;Jawa Timur;Bondowoso;Jambe Sari Darus Sholah;k672;Pengarang;68271;C;10000
673;JBR20200JBR20221;JBR;Jawa Timur;Bondowoso;Jambe Sari Darus Sholah;k673;Pucang Anom;68263;C;10000
674;JBR20200JBR20221;JBR;Jawa Timur;Bondowoso;Jambe Sari Darus Sholah;k674;Sumber Anyar;68263;C;10000
675;JBR20200JBR20221;JBR;Jawa Timur;Bondowoso;Jambe Sari Darus Sholah;k675;Sumber Jeruk;68263;C;10000
676;JBR20200JBR20221;JBR;Jawa Timur;Bondowoso;Jambe Sari Darus Sholah;k676;Tegalpasir;68263;C;10000
677;JBR20200JBR20222;JBR;Jawa Timur;Bondowoso;Botolinggo;k677;Botolinggo;68284;C;10000
678;JBR20200JBR20222;JBR;Jawa Timur;Bondowoso;Botolinggo;k678;Gayam;68285;C;10000
679;JBR20200JBR20222;JBR;Jawa Timur;Bondowoso;Botolinggo;k679;Gayam Lor;68285;C;10000
680;JBR20200JBR20222;JBR;Jawa Timur;Bondowoso;Botolinggo;k680;Klekehan (Klekean);68285;C;10000
681;JBR20200JBR20222;JBR;Jawa Timur;Bondowoso;Botolinggo;k681;Lanas;68284;C;10000
682;JBR20200JBR20222;JBR;Jawa Timur;Bondowoso;Botolinggo;k682;Lumutan;68284;C;10000
683;JBR20200JBR20222;JBR;Jawa Timur;Bondowoso;Botolinggo;k683;Penang;68285;C;10000
684;JBR20200JBR20222;JBR;Jawa Timur;Bondowoso;Botolinggo;k684;Sumbercanting;68284;C;10000
